id;email;phone;is_email_verified;is_phone_verified;is_active;password;type;created_on;created_by;updated_on;updated_by
1;"Km[$u@o";3845044859;false;false;true;transmitting card;Farmer;2021-11-25;Ball Awesome;2021-11-25;interface
2;">auVV5@/,";8296559019;true;false;false;Regional;Buyer;2021-11-26;Sharable IB;2021-11-25;intermediate grow middleware
3;"X-@/i.n";7463030673;true;false;false;panel Savings parse;Buyer;2021-11-26;Bedfordshire compressing;2021-11-26;Concrete matrix Compatible
4;"W-Y!*$@fX\A";9279770310;false;false;false;deliverables Botswana;Farmer;2021-11-26;Virginia;2021-11-26;Engineer
5;"y!DFl@4183H(";9719184528;true;false;true;SDD Soft;Agent;2021-11-26;solutions;2021-11-26;convergence
6;"tgoD@R";2557520207;true;false;false;payment Legacy compelling;Agent;2021-11-25;silver Gorgeous;2021-11-26;Liaison
7;"'@C";5545533957;false;false;false;invoice;Buyer;2021-11-25;Via Jewelery;2021-11-25;Adaptive Plastic
8;"E#^lIV@3}8<-$";1740402064;false;true;true;grey schemas;Agent;2021-11-26;Palladium orchestrate;2021-11-25;Intelligent Licensed
9;"gh@TRk";9747938261;true;true;true;action-items;Farmer;2021-11-26;Stream;2021-11-26;olive Uruguayo
10;"tp8%@Mx";9589532359;true;true;false;open program;Farmer;2021-11-26;JBOD;2021-11-25;24
